model_id,pert,gene,content,reasoning_content,token_logprob,top_logprobs
Psmd4_Anxa2,Psmd4,Anxa2,C,"We need to predict effect of knocking down Psmd4 on expression of Anxa2. Psmd4 is a proteasome subunit (26S proteasome non-ATPase regulatory subunit 4). Anxa2 is annexin A2, involved in membrane organization, calcium binding. Is there known regulatory relationship? Psmd4 is part of proteasome, involved in protein degradation, not transcription regulation. Knockdown may affect proteasome function, possibly leading to accumulation of proteins, stress response, maybe affect expression indirectly. But no strong evidence linking Psmd4 to Anxa2 expression. So likely no significant effect. According to instruction, most pairs have no effect unless strong evidence. So answer C.",,
Cul2_Upp1,Cul2,Upp1,C,"We need to predict effect of knocking down Cul2 on expression of Upp1. Need to consider known biology. Cul2 is a cullin scaffold for E3 ubiquitin ligase complexes, part of CRL2 complexes. It targets various substrates for degradation, often involved in hypoxia response (via VHL complex). Cul2-VHL ubiquitinates HIF1α for degradation under normoxia. Knockdown of Cul2 would stabilize HIF1α, leading to hypoxia response gene activation.

Upp1 is uridine phosphorylase 1, involved in pyrimidine salvage, also known as UPP1. In mouse macrophages, expression may be regulated by hypoxia? Not sure. UPP1 is induced by p53? Actually human UPP1 is induced by p53, also by oxidative stress? I recall that UPP1 is upregulated in response to DNA damage and p53 activation. Also maybe regulated by HIF? Not sure.

Cul2 knockdown may affect many pathways, but direct regulation of Upp1 is not well known. Likely no significant effect. So answer C.

Thus output single character C.",,
Rngtt_Saa3,Rngtt,Saa3,C,"We need to predict effect of knocking down Rngtt on expression of Saa3 in mouse bone marrow-derived macrophages. Rngtt is ribonucleoside-diphosphate reductase? Actually Rngtt is ""Ribonucleoside-diphosphate reductase subunit M""? Wait Rngtt is ""Ribonucleoside-diphosphate reductase subunit M""? Actually gene Rngtt (RNGTT) is ""RNA guanylyltransferase and 5'-phosphatase"" involved in mRNA capping. It's essential for mRNA capping, general transcription. Knockdown likely reduces overall transcription, maybe reduces expression of many genes. Saa3 (Serum amyloid A3) is an acute-phase protein induced in macrophages by inflammatory stimuli (LPS). If Rngtt is knocked down, global transcription may be reduced, but specific effect on Saa3? Not strong evidence. Likely no significant effect (C). So answer C.",,
Dusp1_Chst11,Dusp1,Chst11,C,"We need to predict effect of knocking down Dusp1 on expression of Chst11 in mouse bone marrow-derived macrophages. Dusp1 is dual specificity phosphatase 1, a MAPK phosphatase that deactivates MAPKs (ERK, JNK, p38). It is induced by stress and inflammatory signals. Chst11 is carbohydrate sulfotransferase 11, involved in sulfation of chondroitin sulfate. Not obviously directly regulated by DUSP1. In macrophages, DUSP1 acts as negative feedback for MAPK signaling, limiting inflammatory gene expression. Knockdown of DUSP1 leads to hyperactivation of MAPK pathways, leading to increased expression of inflammatory cytokines (e.g., TNF, IL6). Does that affect Chst11? Possibly not; Chst11 may be involved in extracellular matrix remodeling, maybe regulated by MAPK? Not strong evidence. So likely no significant effect.

Thus answer C.",,
Sbno2_Gsr,Sbno2,Gsr,C,"We need to predict effect of knocking down Sbno2 on expression of Gsr. Need to consider known biology. Sbno2 (strawberry notch homolog 2) is a transcriptional co-regulator involved in inflammatory responses, NF-κB signaling, macrophage activation. Gsr is glutathione reductase, involved in oxidative stress response. Is there known regulatory relationship? Sbno2 may be induced by LPS and may regulate anti-inflammatory genes. Not sure about direct regulation of Gsr. Likely no significant effect. So answer C.",,
Chmp6_Trmt10c,Chmp6,Trmt10c,C,"We need to predict effect of knocking down Chmp6 on expression of Trmt10c. Need to consider known biology. CHMP6 is component of ESCRT-III complex involved in endosomal sorting, membrane remodeling. TRMT10C is mitochondrial tRNA methyltransferase, part of RNase P complex, involved in mitochondrial RNA processing. No known direct regulatory relationship. Likely no effect. So answer C.",,
Exoc5_Syngr1,Exoc5,Syngr1,C,"We need to predict effect of knocking down Exoc5 on expression of Syngr1. Need to consider known biology. Exoc5 is a component of the exocyst complex involved in vesicle trafficking, exocytosis. Syngr1 encodes synaptogyrin 1, a tetraspan membrane protein involved in synaptic vesicle function, expressed in neurons but also maybe in macrophages? Not sure. In macrophages, exocyst may affect secretion, but direct regulation of Syngr1 expression unlikely. No known regulatory relationship. So likely no significant effect. So answer C.",,
Junb_Carhsp1,Junb,Carhsp1,C,"We need to predict effect of knocking down Junb on Carhsp1 expression. Need to consider known biology. Junb is a transcription factor AP-1 family. Carhsp1 (also known as CARHSP1, also known as ZFAND1? Actually CARHSP1 = ""Calcium-regulated heat stable protein 1"", also known as ""TIS11b""? Wait TIS11b is ZFP36L1. Carhsp1 is a RNA-binding protein involved in mRNA stability, maybe regulated by NF-kB? Not sure.

Junb can regulate many genes in macrophages, often inflammatory genes. Carhsp1 may be induced by LPS? Quick recall: Carhsp1 is a protein that binds to AU-rich elements and stabilizes mRNAs, maybe regulated by MAPK. Not sure if Junb directly regulates Carhsp1.

Given assumption: most pairs have no effect unless strong evidence. I don't recall direct regulation of Carhsp1 by Junb. So likely no significant effect: C.

Thus answer: C.",,
Slc7a6os_Plaur,Slc7a6os,Plaur,C,"We need to predict effect of knocking down Slc7a6os on Plaur expression. Need to know biology: Slc7a6os is likely a non-coding RNA? Actually Slc7a6os stands for SLC7A6 opposite strand? Might be a lncRNA overlapping SLC7A6. Plaur is urokinase receptor (uPAR). In macrophages, Plaur is involved in inflammation. Is there known regulatory relationship? I doubt. So default no effect. So answer C.",,
Rps5_Cks1b,Rps5,Cks1b,C,"We need to predict effect of knocking down Rps5 on expression of Cks1b. Rps5 is a ribosomal protein, part of 40S subunit. Knockdown likely reduces global translation, may cause stress response, but specific effect on Cks1b (cell cycle regulator) not known. No strong evidence of direct regulation. So likely no significant effect. So answer C.",,
Med29_Cd9,Med29,Cd9,C,"We need to predict effect of knocking down Med29 on expression of Cd9. Need to consider known biology. Med29 is a subunit of Mediator complex, involved in transcription regulation. Med29 (also known as TRAP29) is part of Mediator head module. Its knockdown may affect transcription globally but specific target? Cd9 is a tetraspanin, expressed in macrophages. Is there known regulation by Mediator subunits? Not specifically. Likely no strong evidence linking Med29 to Cd9. So default no significant effect: C.",,
Gspt1_Atf6,Gspt1,Atf6,C,"We need to predict effect of knocking down Gspt1 on expression of Atf6. Need to consider known biology. Gspt1 (Glutamyl-tRNA Synthetase? Actually GSPT1 is G1 to S phase transition 1, also known as eRF3a, a translation termination factor, involved in nonsense-mediated decay, cell cycle. Atf6 is a transcription factor involved in unfolded protein response (UPR). Is there known regulatory relationship? GSPT1 knockdown may affect translation termination, possibly cause stress, could activate UPR, leading to upregulation of ATF6? But direct regulation? Not likely. Most perturbation-gene pairs have no effect unless strong evidence. I think no strong evidence linking Gspt1 to Atf6. So answer C.

Thus output single character C.",,
Chmp3_Cmpk2,Chmp3,Cmpk2,C,"We need to predict effect of knocking down Chmp3 on expression of Cmpk2. Need to consider known biology. CHMP3 is part of ESCRT-III complex involved in endosomal sorting, membrane scission, cytokinesis, viral budding. Cmpk2 is mitochondrial UMP-CMP kinase involved in nucleotide metabolism, especially in mitochondria, important for mtDNA replication, also induced by interferon? Actually CMPK2 is interferon-stimulated gene, involved in antiviral response, mitochondrial antiviral signaling. In macrophages, Cmpk2 is upregulated by LPS/IFN. CHMP3 likely not directly regulating Cmpk2. No known regulatory relationship. So likely no significant effect. So answer C.",,
Ap3b1_Med29,Ap3b1,Med29,C,"We need to predict effect of knocking down Ap3b1 on expression of Med29. Ap3b1 is a subunit of AP-3 complex involved in vesicle trafficking, not known to regulate transcription. Med29 is a subunit of Mediator complex, transcription coactivator. No known direct regulatory relationship. So likely no effect. So answer C.",,
Ash2l_Hesx1,Ash2l,Hesx1,C,"We need to predict effect of knocking down Ash2l on expression of Hesx1 in mouse bone marrow-derived macrophages. Ash2l is a component of the MLL/SET1 histone methyltransferase complex (H3K4 methylation) involved in transcription activation. Loss of Ash2l may reduce H3K4me3 at promoters, leading to downregulation of target genes. Hesx1 is a homeobox transcription factor, expressed in development, not typical in macrophages. Likely not expressed or low. No known regulatory relationship between Ash2l and Hesx1. So likely no significant effect. According to instruction, assume most pairs have no effect unless strong evidence. So answer C.",,
Rack1_Zfp101,Rack1,Zfp101,C,"We need to predict effect of knocking down Rack1 on expression of Zfp101. Need to consider known biology. Rack1 (Receptor for activated C kinase 1) is a scaffold protein involved in many signaling pathways, translation, etc. Zfp101 is a zinc finger protein, likely transcription factor. I am not aware of direct regulation. In macrophages, Rack1 may affect NF-κB, MAPK, etc. Zfp101 maybe involved in development, not sure. Likely no known relationship. So default no significant effect: C.",,
Wdr1_Vcl,Wdr1,Vcl,C,"We need to predict effect of knocking down Wdr1 on expression of Vcl (vinculin). Wdr1 (WD repeat domain 1) is involved in actin dynamics, cofactor for cofilin-mediated actin filament disassembly. Vcl is vinculin, a focal adhesion protein linking actin cytoskeleton to integrins. In macrophages, Wdr1 deficiency may affect actin turnover, possibly leading to changes in focal adhesion components. Does Wdr1 regulate Vcl expression? Likely not directly; maybe indirect. Most perturbation-gene pairs have no effect unless strong evidence. I am not aware of strong evidence linking Wdr1 knockdown to Vcl expression. So answer C.

Thus output single character C.",,
Nfyc_Ifi47,Nfyc,Ifi47,C,"We need to predict effect of knocking down Nfyc on expression of Ifi47. Nfyc is a transcription factor (Nuclear transcription factor Y subunit C). Ifi47 (also known as Iigp1) is interferon-inducible GTPase, part of immune response. Nfyc is part of NF-Y complex that binds CCAAT boxes, generally involved in cell cycle, metabolism. Not known to directly regulate Ifi47. In macrophages, Ifi47 is induced by interferon gamma, type I IFN. NF-Y may regulate many genes but not specifically Ifi47. Likely no effect. So answer C.",,
Traf6_St3gal5,Traf6,St3gal5,C,"We need to predict effect of knocking down Traf6 on expression of St3gal5 in mouse bone marrow-derived macrophages. Need to consider known pathways. TRAF6 is an adaptor protein in TLR/IL-1R signaling, NF-κB activation, also involved in cytokine signaling, osteoclastogenesis. ST3GAL5 (GM3 synthase) is a sialyltransferase involved in ganglioside biosynthesis, expressed in many cells, regulated by various signals. Is there known regulation by NF-κB? Possibly inflammatory stimuli can modulate ganglioside synthesis. In macrophages, TLR activation may upregulate certain glycosyltransferases? Not sure.

Given assumption: most pairs have no effect unless strong evidence. I am not aware of direct regulation of St3gal5 by Traf6. So likely no significant effect: C.

Thus answer C.",,
Pik3c3_Gpnmb,Pik3c3,Gpnmb,C,"We need to predict effect of knocking down Pik3c3 on Gpnmb expression. Need to consider known biology. Pik3c3 encodes class III PI3-kinase Vps34, involved in autophagy, endosomal trafficking. Gpnmb (glycoprotein NMB) is a transmembrane protein expressed in macrophages, upregulated in activation, involved in inflammation, tissue repair. Is there known regulatory relationship? Possibly PI3K signaling may affect Gpnmb expression indirectly. But not strong evidence. In macrophages, Pik3c3 deficiency may impair autophagy, could affect inflammatory signaling, maybe reduce Gpnmb? Not sure. The instruction: assume most pairs have no significant effect unless strong evidence. I think there is no strong evidence linking Pik3c3 to Gpnmb. So answer C.

Thus output single character C.",,
